jalapeno,lang-es
curry,lang-
mozzarella,lang-it
salsa,lang-es
masala,lang-
garam,lang-
feta,lang-
thai,lang-
taco,lang-
chipotle,lang-
mirin,lang-
spaghetti,lang-
reggiano,lang-
kalamata,lang-
parmigiano,lang-
enchilada,lang-
cajun,lang-
creole,lang-
sake,lang-
basmati,lang-
baguette,lang-
tomatillos,lang-
sriracha,lang-
arborio,lang-
andouille,lang-
prosciutto,lang-
miso,lang-
shaoxing,lang-
chorizo,lang-
linguine,lang-
ancho,lang-
pecorino,lang-
queso,lang-
choy,lang-
pinto,lang-
panko,lang-
couscous,lang-
cannellini,lang-
pimento,lang-
bok,lang-
guacamole,lang-en
fresco,lang-es
vermicelli,lang-en
pancetta,lang-it
wonton,lang-
pita,lang-hr
crème,lang-fr
tequila,lang-
provolone,lang-
dashi,lang-ja
marjoram,lang-en
polenta,lang-it
daikon,lang-ja
turnip,lang-en
fettucine,lang-
fraîche,lang-fr
garbanzo,lang-es
nori,lang-lt
mascarpone,lang-it
szechwan,lang-
gochujang,lang-
wing,lang-en
maple,lang-en
fontina,lang-it
verde,lang-it
dal,lang-it
bamboo,lang-en
kaffir,lang-en
prawn,lang-en
sodium,lang-en
japanese,lang-en
barbecue,lang-en
cotija,lang-en
fruit,lang-en
cremini,lang-en
date,lang-en
chunky,lang-en
hard,lang-en
stew,lang-en
shortening,lang-en
masa,lang-ms
old,lang-en
pearl,lang-en
beet,lang-en
horseradish,lang-en
berry,lang-en
prepared,lang-en
duck,lang-en
butt,lang-en
drumstick,lang-en
paneer,lang-ta
belly,lang-en
chard,lang-en
phyllo,lang-en
mung,lang-jw
biscuit,lang-en
mild,lang-en
bun,lang-ro
catfish,lang-en
liquid,lang-en
semolina,lang-en
macaroni,lang-en
curd,lang-en
orzo,lang-it
piece,lang-en
creamy,lang-en
casing,lang-en
espresso,lang-it
concentrate,lang-en
marsala,lang-it
liver,lang-en
cranberry,lang-en
granny,lang-en
smith,lang-en
kimchi,lang-en
craw,lang-en
crawfish,lang-en
sunflower,lang-en
gingerroot,lang-en
cashews,lang-en
lump,lang-en
nectar,lang-en
watercress,lang-en
vidalia,lang-en
chutney,lang-en
bow,lang-en
tamari,lang-ja
cod,lang-ro
grass,lang-en
granule,lang-en
jumbo,lang-en
ranch,lang-en
porcini,lang-it
grate,lang-en
fry,lang-en
gruyere,lang-en
soba,lang-sl
tapioca,lang-pt
shank,lang-en
asafoetida,lang-en
tie,lang-en
unflavored,lang-en
candy,lang-en
cutlet,lang-en
blanch,lang-ca
cornflour,lang-en
cream-of-mushroom,lang-en
angel,lang-en
cap,lang-ca
halibut,lang-en
oats,lang-en
dripping,lang-en
raw,lang-en
pepperoni,lang-en
jam,lang-id
seedless,lang-en
steamed,lang-en
harina,lang-es
ripe,lang-en
morsel,lang-en
blackberry,lang-en
tilapia,lang-en
guajillo,lang-es
hair,lang-en
salami,lang-en
leav,lang-en
dress,lang-en
fig,lang-en
cognac,lang-en
leg-of-lamb,lang-en
bonito,lang-pt
sandwich,lang-en
elbow,lang-en
organic,lang-en
crema,lang-it
blueberry,lang-en
squid,lang-en
marinade,lang-en
husk,lang-da
quickcooking,lang-en
caraway,lang-en
wasabi,lang-en
pico,lang-es
jicama,lang-en
link,lang-en
galangal,lang-en
amchur,lang-hi
crabmeat,lang-en
cure,lang-en
rigatoni,lang-it
stem,lang-en
gallo,lang-it
rub,lang-ru
mace,lang-sq
snapper,lang-en
sushi,lang-en
coloring,lang-en
new,lang-en
sourdough,lang-en
prune,lang-en
agave,lang-en
asiago,lang-it
edamame,lang-ja
stuff,lang-en
table,lang-en
vinaigrette,lang-en
slaw,lang-en
substitute,lang-en
blue,lang-en
semi,lang-en
poppy,lang-en
vodka,lang-en
double,lang-en
piecrust,lang-en
dip,lang-en
paper,lang-en
tortellini,lang-pl
wild,lang-en
cachaca,lang-en
hamburger,lang-de
graham,lang-en
methi,lang-vi
grapeseed,lang-en
superfine,lang-en
colby,lang-en
ramen,lang-nl
alfredo,lang-es
brew,lang-en
bass,lang-en
topping,lang-en
bag,lang-en
cookie,lang-pl
granulate,lang-en
flower,lang-en
udon,lang-en
skirt,lang-en
mini,lang-en
konbu,lang-ja
brisket,lang-en
lima,lang-es
parsnip,lang-en
bird,lang-en
vermouth,lang-en
portabello,lang-en
rotisserie,lang-en
mash,lang-ar
wafer,lang-en
lobster,lang-en
irish,lang-en
vietnamese,lang-en
habanero,lang-es
skin,lang-en
urad,lang-sl
gorgonzola,lang-it
teriyaki,lang-en
spread,lang-en
herbes,lang-fr
picante,lang-es
harissa,lang-en
radicchio,lang-it
crimini,lang-it
process,lang-en
tahini,lang-en
file,lang-en
port,lang-en
hungarian,lang-en
rotini,lang-en
provence,lang-fr
natural,lang-en
california,lang-en
sambal,lang-id
manchego,lang-es
cane,lang-it
free,lang-en
hocks,lang-en
poultry,lang-en
papaya,lang-en
marshmallow,lang-en
spear,lang-en
capsicum,lang-en
gruyère,lang-fr
eye,lang-en
fettuccine,lang-it
escarole,lang-en
littleneck,lang-en
split,lang-en
gnocchi,lang-it
dri,lang-id
boston,lang-en
brine,lang-en
sprinkle,lang-en
homemade,lang-en
deveined,lang-en
yam,lang-en
mein,lang-de
rock,lang-en
pudding,lang-en
seaweed,lang-en
top,lang-en
prepar,lang-ro
gram,lang-en
silken,lang-en
center,lang-en
unsalt,lang-en
jerk,lang-en
relish,lang-en
beat,lang-en
scotch,lang-en
truffle,lang-en
thick,lang-en
barley,lang-en
savoy,lang-en
navel,lang-en
clarify,lang-en
cornbread,lang-en
glutinous,lang-en
tart,lang-hu
champagne,lang-en
gravy,lang-en
whitefish,lang-en
chunk,lang-en
great,lang-en
kasuri,lang-en
pomegranate,lang-en
cocktail,lang-en
rabe,lang-ku
filet,lang-fr
bottle,lang-en
asafetida,lang-en
anaheim,lang-en
marin,lang-ro
seafood,lang-en
fusilli,lang-it
turbinado,lang-pt
vine,lang-ro
range,lang-en
malt,lang-en
endive,lang-fr
kielbasa,lang-en
ravioli,lang-en
finger,lang-en
ulek,lang-ms
grapefruit,lang-en
crusty,lang-en
spicy,lang-en
northern,lang-en
uncook,lang-en
marmalade,lang-en
nonstick,lang-en
haricot,lang-fr
arbol,lang-es
hock,lang-en
tip,lang-en
vert,lang-fr
ciabatta,lang-fi
rocket,lang-en
crouton,lang-en
good,lang-en
mayonnai,lang-en
add,lang-en
club,lang-en
softened,lang-en
watermelon,lang-en
enokitake,lang-ja
muffin,lang-en
gari,lang-bn
sauc,lang-lv
ready,lang-en
marnier,lang-fr
orecchiette,lang-it
essence,lang-en
oven,lang-en
regular,lang-en
stir,lang-en
jelly,lang-en
saltine,lang-en
buckwheat,lang-en
real,lang-en
glass,lang-en
ear,lang-en
safflower,lang-en
hass,lang-de
dust,lang-en
sweetener,lang-en
bonnet,lang-en
baked,lang-en
hothouse,lang-en
ras,lang-en
hanout,lang-ar
el,lang-es
fava,lang-it
jamaican,lang-en
jeera,lang-en
caramel,lang-en
pine,lang-en
crescent,lang-en
ladyfinger,lang-en
epazote,lang-en
ziti,lang-zh-CN
crystallize,lang-en
naan,lang-ta
mandarin,lang-en
season,lang-en
pasilla,lang-es
delicious,lang-en
simple,lang-en
chaat,lang-te
ripen,lang-en
jaggery,lang-en
belgian,lang-en
ear-of-corn,lang-en
sparerib,lang-da
plantain,lang-en
loaf,lang-en
gai,lang-zh-CN
sec,lang-en
triple,lang-en
fajita,lang-en
breakfast,lang-en
kiwi,lang-en
vegan,lang-en
brie,lang-en
lan,lang-zh-CN
ferment,lang-en
key,lang-en
strip,lang-en
neutral,lang-en
soybean,lang-en
pink,lang-en
meatball,lang-en
trout,lang-en
korean,lang-en
salata,lang-ro
shuck,lang-en
coleslaw,lang-en
thin,lang-en
madras,lang-en
melon,lang-en
win,lang-en
ton,lang-fr
hen,lang-zh-CN
colouring,lang-en
corned,lang-en
gluten,lang-en
gyoza,lang-ja
dumpl,lang-de
frond,lang-en
arrowroot,lang-en
deli,lang-sl
aminos,lang-en
wood,lang-en
dillweed,lang-so
brussels,lang-en
tandoori,lang-en
amaretto,lang-de
rotelle,lang-it
oxtail,lang-en
fryer,lang-en
summer,lang-en
bitter,lang-en
calamansi,lang-tl
heirloom,lang-en
madeira,lang-pt
gouda,lang-nl
nuts,lang-en
tender,lang-en
chayote,lang-en
rye,lang-en
sauerkraut,lang-de
cornichon,lang-fr
bulgur,lang-tr
chervil,lang-en
fill,lang-en
glace,lang-fr
lager,lang-no
sticky,lang-en
puree,lang-en
straw,lang-en
waxy,lang-en
grand,lang-fr
moong,lang-hi
manicotti,lang-it
wide,lang-en
loosely,lang-en
dumpling,lang-en
velveeta,lang-en
navy,lang-en
cereal,lang-en
ale,lang-pl
veggie,lang-en
dog,lang-en
togarashi,lang-ja
flatbread,lang-en
chow,lang-en
blossom,lang-en
oz,lang-en
halve,lang-nl
minced,lang-en
glaze,lang-en
splenda,lang-en
gochugaru,lang-ja
quarter,lang-en
burgundy,lang-en
genoa,lang-en
tiger,lang-en
fleur,lang-fr
sel,lang-id
cointreau,lang-fr
kelp,lang-en
dinner,lang-en
guinness,lang-en
nutritional,lang-en
stone,lang-en
tangerine,lang-en
stout,lang-en
haddock,lang-en
cornish,lang-en
frost,lang-en
shiso,lang-ja
refrigerate,lang-en
msg,lang-en
ditalini,lang-it
stilton,lang-fi
s,lang-en
swordfish,lang-en
word,lang-en
spaghettini,lang-en
mex,lang-de
tasso,lang-it
lo,lang-es
pepita,lang-es
pancake,lang-en
muscovado,lang-af
color,lang-en
cornflake,lang-en
achiote,lang-en
applesauce,lang-en
cubed,lang-en
lumpia,lang-id
sausag,lang-en
grease,lang-en
lemonade,lang-en
creme,lang-pt
bar,lang-en
philadelphia,lang-en
rhubarb,lang-en
asadero,lang-en
bbq,lang-en
bibb,lang-en
kirby,lang-en
passata,lang-it
pappardelle,lang-it
pound,lang-en
tostada,lang-es
rump,lang-en
niçoise,lang-fr
cola,lang-es
curly,lang-en
cantaloupe,lang-en
pig,lang-en
nigella,lang-en
juniper,lang-en
bawang,lang-id
goreng,lang-id
bouquet,lang-en
demi,lang-fr
nectarine,lang-ro
shoyu,lang-ja
ponzu,lang-ja
beefsteak,lang-en
clear,lang-en
pepperoncini,lang-vi
codfish,lang-en
mutton,lang-en
fingerling,lang-en
medjool,lang-en
hash,lang-en
yardlong,lang-en
portobello,lang-en
risotto,lang-it
pernod,lang-fr
chana,lang-bn
savory,lang-en
unbaked,lang-en
mexicorn,lang-en
icorn,lang-en
bulk,lang-en
nopale,lang-es
broccolini,lang-en
quail,lang-en
louisiana,lang-en
bosc,lang-ca
string,lang-en
chinkiang,lang-en
farro,lang-it
suet,lang-en
canadian,lang-en
rabbit,lang-en
imitation,lang-en
guanciale,lang-it
zesty,lang-en
hoagie,lang-en
blood,lang-en
persian,lang-en
solid,lang-en
fashioned,lang-en
canned,lang-en
limeade,lang-vi
caviar,lang-en
hummus,lang-en
sardine,lang-en
dutch,lang-en
tagliatelle,lang-it
mexicana,lang-es
pickled,lang-en
pulp,lang-en
lasagne,lang-it
annatto,lang-en
stevia,lang-co
weed,lang-en
lite,lang-sv
silver,lang-en
calvados,lang-fr
buffalo,lang-en
bit,lang-en
açai,lang-pt
sultana,lang-bn
tartar,lang-en
gin,lang-en
nuoc,lang-vi
meyer,lang-en
king,lang-en
piloncillo,lang-es
act,lang-en
garden,lang-en
swanson,lang-en
browning,lang-en
distilled,lang-en
york,lang-en
head,lang-en
kahlúa,lang-is
manis,lang-id
kecap,lang-id
pace,lang-en
lavender,lang-en
pandanus,lang-id
bartlett,lang-en
non,lang-it
tawny,lang-en
shahi,lang-en
gumbo,lang-en
garni,lang-en
shaving,lang-en
part,lang-en
calamari,lang-en
mole,lang-en
sweet-and-sour,lang-en
rigate,lang-it
turkish,lang-en
carbonated,lang-en
rutabaga,lang-en
field,lang-en
maggi,lang-pt
fully,lang-en
brioche,lang-fr
seltzer,lang-en
chevre,lang-fr
honeydew,lang-en
tail,lang-en
frisee,lang-en
shichimi,lang-ja
canela,lang-pt
kirsch,lang-en
candied,lang-en
mahi,lang-mi
nam,lang-vi
size,lang-en
taro,lang-en
wakame,lang-ja
fire,lang-en
hearts-of-palm,lang-en
confit,lang-fr
aged,lang-en
bran,lang-en
uncooked,lang-en
amaretti,lang-it
acorn,lang-en
gum,lang-en
xanthan,lang-en
chanterelle,lang-en
single,lang-en
mission,lang-en
crepe,lang-en
flounder,lang-en
kumquat,lang-en
meringue,lang-en
slivered,lang-en
tostadas,lang-es
cream-of-celery,lang-en
cardamon,lang-en
batter,lang-en
chat,lang-en
broiler,lang-en
maida,lang-en
grouper,lang-en
ball,lang-en
sundried,lang-en
applewood,lang-en
sole,lang-en
tzatziki,lang-el
vegetarian,lang-en
custard,lang-en
sichuan,lang-en
convert,lang-en
picholine,lang-en
rapid,lang-en
tapenade,lang-fr
grill,lang-en
flora,lang-en
neck,lang-en
germ,lang-en
kombu,lang-ta
consomme,lang-fr
perilla,lang-es
sponge,lang-en
farmer,lang-en
frosting,lang-en
gran,lang-es
pan,lang-en
sauvignon,lang-en
armagnac,lang-fr
idaho,lang-en
rack-of-lamb,lang-en
hearts-of-romaine,lang-en
mignon,lang-fr
calimyrna,lang-su
strong,lang-en
octopus,lang-en
flax,lang-en
blanc,lang-fr
lotus,lang-en
ajwain,lang-en
bicarbonate-of-soda,lang-en
rapeseed,lang-en
lily,lang-en
passion,lang-en
bucatini,lang-it
tongue,lang-en
prebaked,lang-en
grenadine,lang-it
bengal,lang-en
sorghum,lang-en
char,lang-hi
hand,lang-en
blanco,lang-es
tempeh,lang-ms
gemelli,lang-it
jalape,lang-en
fresno,lang-en
burger,lang-en
soppressata,lang-it
runny,lang-en
granola,lang-en
quince,lang-es
spell,lang-en
jackfruit,lang-en
bocconcini,lang-it
parmagiano,lang-it
soya,lang-en
ruby,lang-en
sorrel,lang-en
prepare,lang-en
toor,lang-hi
gherkin,lang-en
pot,lang-ro
spare,lang-en
toffee,lang-en
choi,lang-vi
pak,lang-cs
matcha,lang-ru
gingersnap,lang-en
foie,lang-fr
gras,lang-fr
ramp,lang-en
cuisine,lang-fr
roquefort,lang-fr
morel,lang-en
snail,lang-en
prosecco,lang-it
pinot,lang-en
foot,lang-en
caesar,lang-en
focaccia,lang-it
doritos,lang-en
oatmeal,lang-en
carnaroli,lang-en
chilegarlic,lang-ny
citron,lang-fr
min,lang-ku
matzo,lang-en
mincemeat,lang-en
varnish,lang-en
ravva,lang-te
pigeon,lang-en
equal,lang-en
aleppo,lang-en
stuffing,lang-en
winter,lang-en
frangelico,lang-en
fatback,lang-en
satsuma,lang-en
peperoncini,lang-it
biryani,lang-en
shirataki,lang-ja
cuban,lang-en
cob,lang-en
breadstick,lang-en
giblet,lang-en
game,lang-en
sparkle,lang-en
macadamia,lang-en
poha,lang-pt
ring,lang-en
cassia,lang-en
tentacle,lang-en
tonkatsu,lang-ja
shiro,lang-ja
cool,lang-en
crisco,lang-en
breast-of-chicken,lang-en
condiment,lang-en
tomatillo,lang-en
wrap,lang-en
grappa,lang-it
segment,lang-en
fresca,lang-it
slab,lang-en
gala,lang-en
capellini,lang-en
mackerel,lang-en
sum,lang-en
sprite,lang-en
popcorn,lang-en
citrus,lang-en
minute,lang-en
spike,lang-en
tri,lang-ru
pla,lang-ca
dungeness,lang-en
angostura,lang-es
chèvre,lang-fr
render,lang-en
schnapps,lang-en
patis,lang-ca
sazon,lang-en
coca,lang-en
cream-of-coconut,lang-en
parboil,lang-en
riesl,lang-en
comfort,lang-en
southern,lang-en
chihuahua,lang-es
manioc,lang-fr
zinfandel,lang-en
marmite,lang-fr
wheel,lang-en
mulato,lang-pt
croissant,lang-fr
daal,lang-hi
progresso,lang-pt
mirliton,lang-eo
marrow,lang-en
posole,lang-it
millet,lang-tr
chia,lang-vi
chardonnay,lang-en
pumpkinseed,lang-en
carnita,lang-ro
mesclun,lang-en
kaiser,lang-en
roux,lang-fr
decorate,lang-en
channa,lang-en
kfish,lang-en
mon,lang-fr
monkfish,lang-en
cassava,lang-en
carne,lang-es
giardiniera,lang-en
streaky,lang-en
crookneck,lang-en
goji,lang-ro
kefalotyri,lang-en
peasant,lang-en
bud,lang-da
flesh,lang-en
edible,lang-en
frito,lang-es
minicub,lang-pt
linguini,lang-en
cabernet,lang-en
rosé,lang-fr
forest,lang-en
albacore,lang-en
dandelion,lang-en
cavatappi,lang-it
cacao,lang-it
ackee,lang-en
kewra,lang-ku
bailey,lang-en
turkei,lang-de
treacle,lang-en
miniature,lang-en
nutella,lang-it
callaloo,lang-it
nilla,lang-sv
carcass,lang-en
fishcake,lang-en
siu,lang-vi
masoor,lang-hi
chianti,lang-it
groundnut,lang-en
shave,lang-en
empanada,lang-es
cham,lang-vi
campari,lang-it
oat,lang-en
ouzo,lang-en
pate,lang-hi
sorbet,lang-en
persimmon,lang-en
demerara,lang-en
grana,lang-pt
himalayan,lang-en
aioli,lang-sv
sicilian,lang-en
garnish,lang-en
steamer,lang-en
ahi,lang-es
anjou,lang-fr
iron,lang-en
pimenton,lang-pt
dhal,lang-bn
muenster,lang-en
polish,lang-en
tater,lang-cs
tot,lang-nl
bottled,lang-en
sub,lang-en
venison,lang-en
merguez,lang-fr
haas,lang-en
emmenthal,lang-en
havarti,lang-en
cassis,lang-fr
fuji,lang-en
santo,lang-pt
vin,lang-fr
mortadella,lang-it
chapati,lang-bn
drummette,lang-en
cavatelli,lang-en
noir,lang-fr
massaman,lang-en
lacinato,lang-cs
herdez,lang-en
yakisoba,lang-ja
kabocha,lang-ja
pectin,lang-en
yuzu,lang-ja
jambalaya,lang-en
flaxseed,lang-en
hibiscus,lang-en
broad,lang-en
steel,lang-en
margarita,lang-es
padano,lang-it
cactus,lang-en
petite,lang-fr
hanger,lang-en
fiesta,lang-es
atta,lang-en
perciatelli,lang-co
calorie,lang-en
prego,lang-it
fideo,lang-cy
sanding,lang-en
deep,lang-en
marzipan,lang-de
raita,lang-lv
classico,lang-it
buttery,lang-en
chenpi,lang-zh-CN
spearmint,lang-en
curl,lang-en
agar,lang-id
cockle,lang-en
crostini,lang-it
meatloaf,lang-en
raise,lang-en
brownie,lang-en
bread-and-butter,lang-en
kikkoman,lang-fi
fudge,lang-en
furikake,lang-ja
guava,lang-en
twist,lang-en
luke,lang-en
hatch,lang-en
drink,lang-en
chambord,lang-fr
tripe,lang-en
baton,lang-en
dulce,lang-es
leche,lang-es
soymilk,lang-en
mahimahi,lang-en
oreo,lang-en
anglaise,lang-fr
shao,lang-zh-CN
hsing,lang-en
fungus,lang-en
khoa,lang-vi
hog,lang-en
soman,lang-bn
puy,lang-fr
brat,lang-ru
coco,lang-en
dairy,lang-en
rajma,lang-hi
imo,lang-en
maltose,lang-en
grade,lang-en
striped,lang-en
goose,lang-en
leafy,lang-en
despelette,lang-nl
piment,lang-fr
mochiko,lang-ja
recipe,lang-en
merlot,lang-en
crispy,lang-da
flanken,lang-de
catsup,lang-en
lady,lang-en
burrata,lang-it
tenderizer,lang-en
filo,lang-it
boned,lang-en
daisy,lang-en
liquor,lang-en
celtic,lang-en
european,lang-en
calamata,lang-en
press,lang-en
pumpernickel,lang-de
manzanilla,lang-es
pork-and-beans,lang-en
tubetti,lang-it
medal,lang-en
chiffonade,lang-sv
mitsuba,lang-en
sago,lang-en
branzino,lang-it
rasher,lang-en
dessert,lang-en
maldon,lang-en
lardon,lang-eo
shanghai,lang-en
nacho,lang-es
coke,lang-en
roe,lang-en
kochujang,lang-ja
gourd,lang-en
adzuki,lang-en
tamale,lang-en
bottom,lang-en
crisp,lang-en
emeril,lang-en
mo,lang-tl
squirt,lang-en
lychee,lang-en
sumac,lang-en
daniels,lang-en
hemp,lang-en
catalina,lang-en
accent,lang-en
rich,lang-en
peppermint,lang-en
shoepeg,lang-ro
gizzard,lang-en
au,lang-fr
eye-of-round,lang-en
bechamel,lang-es
mazola,lang-pt
herbe,lang-fr
cornhusk,lang-en
dende,lang-gl
bengali,lang-en
goya,lang-es
cover,lang-en
butterscotch,lang-en
petal,lang-en
vie,lang-fr
eau,lang-fr
wax,lang-ku
spam,lang-en
capicola,lang-it
fromage,lang-fr
shortbread,lang-en
porterhouse,lang-en
thaw,lang-en
gaeta,lang-it
glazed,lang-en
umeboshi,lang-ja
buttercream,lang-en
cress,lang-en
schmaltz,lang-en
bianco,lang-it
balsamico,lang-it
panettone,lang-it
pierogi,lang-pl
brand,lang-en
doenzang,lang-gl
dish,lang-en
purpos,lang-en
shortcrust,lang-en
borlotti,lang-it
chrysanthemum,lang-en
kewpie,lang-en
shoga,lang-ja
promise,lang-en
assorted,lang-en
waffle,lang-en
shimeji,lang-ja
holy,lang-en
grey,lang-en
braise,lang-fr
indian,lang-en
edam,lang-az
artichok,lang-en
jerusalem,lang-en
banger,lang-en
campanelle,lang-en
cream-of-potato,lang-en
jus,lang-lt
hanh,lang-vi
moisture,lang-en
challa,lang-mr
canton,lang-en
dolce,lang-it
acid,lang-en
anejo,lang-es
clementine,lang-en
neufchtel,lang-fr
fuyu,lang-zh-CN
starchy,lang-en
condensed,lang-en
kalonji,lang-en
vineyard,lang-en
collect,lang-en
sheep,lang-en
acai,lang-en
gooseberry,lang-en
crystal,lang-en
pandan,lang-ht
idli,lang-ta
limoncello,lang-it
kahlua,lang-en
rioja,lang-es
seitan,lang-it
rouille,lang-fr
clotted,lang-en
gremolata,lang-no
flavoring,lang-en
skate,lang-en
sansho,lang-ja
compote,lang-fr
saigon,lang-vi
peperoncino,lang-it
braeburn,lang-en
mullet,lang-en
blacken,lang-en
jarlsberg,lang-no
rosemari,lang-de
turtle,lang-en
mam,lang-pl
sugarcane,lang-en
boar,lang-en
pilaf,lang-ro
ic,lang-en
rome,lang-en
stewing,lang-en
bliss,lang-en
whisky,lang-en
earl,lang-en
mature,lang-en
young,lang-en
sauterne,lang-en
olek,lang-et
praline,lang-en
calf,lang-en
wholemeal,lang-en
side,lang-en
san,lang-ja
marzano,lang-it
russian,lang-en
beni,lang-tr
balm,lang-en
di,lang-it
citric,lang-en
machine,lang-en
framboise,lang-fr
verbena,lang-es
dr,lang-en
point,lang-en
caribbean,lang-en
texas,lang-en
reduce,lang-en
coar,lang-pt
biscotti,lang-it
reduction,lang-en
yum,lang-en
tom,lang-en
dash,lang-en
mrs,lang-en
panela,lang-pt
fregola,lang-it
gelato,lang-it
blade,lang-en
soak,lang-en
cannelloni,lang-it
nero,lang-it
cavolo,lang-it
day,lang-en
sambuca,lang-it
sofrito,lang-es
knockwurst,lang-de
karo,lang-bn
pocket,lang-en
protein,lang-en
hollandaise,lang-fr
bing,lang-en
rainbow,lang-en
jerky,lang-en
high,lang-en
tex,lang-en
globe,lang-en
domino,lang-en
bloody,lang-en
mary,lang-en
curaçao,lang-sw
remoulade,lang-da
negro,lang-es
pomelo,lang-es
rosewater,lang-en
bologna,lang-it
oloroso,lang-en
mezcal,lang-es
unseasoned,lang-en
pappadam,lang-ml
cuminse,lang-ro
escargot,lang-fr
merluza,lang-es
casera,lang-es
kim,lang-vi
kasseri,lang-en
camembert,lang-fr
aka,lang-en
mi,lang-es
parma,lang-it
sundae,lang-en
laurel,lang-en
spiral,lang-en
kasha,lang-ru
cannoli,lang-it
iced,lang-en
porridge,lang-en
seca,lang-pt
farina,lang-it
herring,lang-en
nopalitos,lang-en
cherrystone,lang-en
kefir,lang-vi
digestive,lang-en
feed,lang-en
mountain,lang-en
ume,lang-eu
konnyaku,lang-ja
cholula,lang-es
smooth,lang-en
pancit,lang-tl
yellowfin,lang-en
syd,lang-da
yucca,lang-en
tatsoi,lang-el
parmigiana,lang-it
puffed,lang-en
pattypan,lang-en
shellfish,lang-en
sooji,lang-kn
boy,lang-en
alfalfa,lang-nl
asada,lang-ja
thousand,lang-tl
island,lang-en
slider,lang-en
kitchen,lang-en
pickapeppa,lang-sv
floweret,lang-en
beverage,lang-en
squab,lang-en
bagel,lang-en
épice,lang-fr
quatre,lang-fr
bhindi,lang-hi
ampalaya,lang-tl
hatcho,lang-ja
cloud,lang-en
whey,lang-en
ginseng,lang-en
kamaboko,lang-ja
paella,lang-ca
granular,lang-en
teardrop,lang-en
cantal,lang-fr
burdock,lang-en
banh,lang-vi
converted,lang-en
luncheon,lang-en
london,lang-en
broil,lang-en
muscat,lang-en
grissini,lang-it
con,lang-es
savoiardi,lang-it
hawaiian,lang-en
groat,lang-en
taleggio,lang-it
katsuo,lang-ja
mexico,lang-en
thinli,lang-en
alaskan,lang-en
wildflower,lang-en
papad,lang-hi
microgreen,lang-en
beaujolais,lang-fr
lentille,lang-fr
du,lang-fr
linguica,lang-it
medallion,lang-en
fructose,lang-en
brussel,lang-nl
freeze,lang-en
chee,lang-bn
cheek,lang-en
mixture,lang-en
nest,lang-en
fast,lang-en
virginia,lang-en
mizkan,lang-ar
corkscrew,lang-en
cajeta,lang-es
ling,lang-zh-CN
ducklings,lang-en
southwest,lang-en
age,lang-en
abura,lang-ja
brazil,lang-en
sichuanese,lang-en
duxelle,lang-fr
mochi,lang-ja
jameson,lang-en
cultured,lang-en
kohlrabi,lang-de
almondmilk,lang-en
yuca,lang-es
cray,lang-en
crayfish,lang-en
tendon,lang-en
santa,lang-en
tree,lang-en
tikka,lang-fi
kiwifruit,lang-en
gem,lang-en
fri,lang-da
eel,lang-en
house,lang-en
compress,lang-en
jujube,lang-en
chill,lang-en
montreal,lang-en
cava,lang-it
iodized,lang-en
arhar,lang-sl
calabaza,lang-es
paddle,lang-en
crushed,lang-en
unagi,lang-ja
ganache,lang-en
cipollini,lang-it
durum,lang-tr
rustic,lang-en
acini,lang-it
pepe,lang-it
maui,lang-en
pistou,lang-fr
sticker,lang-en
kinchay,lang-ja
halloumi,lang-sv
sashimi,lang-en
violet,lang-en
starter,lang-en
maitake,lang-en
tonic,lang-en
caul,lang-en
pad,lang-en
preserv,lang-en
tear,lang-en
erythritol,lang-en
yellowtail,lang-en
fino,lang-it
grigio,lang-it
turbot,lang-fi
sturgeon,lang-en
besan,lang-es
tradit,lang-la
alcohol,lang-en
poppyseeds,lang-en
negi,lang-lt
tokyo,lang-en
redfish,lang-en
pheasant,lang-en
tarama,lang-tr
shungiku,lang-ja
melba,lang-en
fatfre,lang-da
bacardi,lang-en
cuttle,lang-en
cuttlefish,lang-en
strozzapreti,lang-it
caciocavallo,lang-it
pretzel,lang-en
mousse,lang-fr
shark,lang-en
scrod,lang-ro
saba,lang-sw
enrich,lang-en
amaranth,lang-en
bolillo,lang-es
guinea,lang-en
coulis,lang-fr
roti,lang-ro
treviso,lang-it
claw,lang-en
nibs,lang-en
butterfli,lang-en
bushi,lang-zh-CN
mostaccioli,lang-it
farofa,lang-pt
cho,lang-vi
guy,lang-en
cream-of-shrimp,lang-en
yu,lang-zh-CN
kirschenliqueur,lang-de
pale,lang-en
pop,lang-en
boudin,lang-fr
ajinomoto,lang-en
valencia,lang-es
soursop,lang-ms
textured,lang-en
paddy,lang-en
carpaccio,lang-it
hero,lang-en
milkfish,lang-en
drambuie,lang-en
clamato,lang-en
soi,lang-fr
tap,lang-en
wolf,lang-en
la,lang-es
bihon,lang-tl
elmlea,lang-eu
lapsang,lang-en
pollen,lang-en
bee,lang-en
gobo,lang-so
clover,lang-en
tempura,lang-en
natto,lang-ja
keema,lang-et
drain,lang-en
artisan,lang-en
carnation,lang-en
pollock,lang-en
amber,lang-en
anisette,lang-en
verjus,lang-ca
mie,lang-it
pois,lang-pt
ibarra,lang-es
rosa,lang-it
swerve,lang-en
sockeye,lang-en
oleo,lang-pt
tobiko,lang-en
rennet,lang-no
morton,lang-en
mineral,lang-en
capon,lang-en
culantro,lang-ceb
tube,lang-en
penn,lang-en
tagliarini,lang-it
candlenut,lang-en
boursin,lang-fr
mentsuyu,lang-ja
precooked,lang-en
helix,lang-en
piquillo,lang-es
doubanjiang,lang-zh-CN
poppadom,lang-en
pearled,lang-en
robusto,lang-it
mizuna,lang-ja
chimichurri,lang-en
knox,lang-en
sucanat,lang-hi
eggroll,lang-en
mcintosh,lang-en
bresaola,lang-it
devil,lang-en
balance,lang-en
krispie,lang-sv
sucralose,lang-en
seville,lang-en
unsmoked,lang-en
diamond,lang-en
cub,lang-en
pté,lang-fr
paccheri,lang-it
unsulphured,lang-en
menthe,lang-fr
tartlet,lang-en
glucose,lang-en
shape,lang-en
potsticker,lang-en
aonori,lang-ja
kabuli,lang-mr
marcona,lang-en
swede,lang-en
zaatar,lang-en
mesquite,lang-en
flageolet,lang-en
licorice,lang-en
chicory,lang-en
disco,lang-es
katakuriko,lang-ja
kong,lang-en
hong,lang-en
nugget,lang-en
kangkong,lang-jw
panang,lang-tl
pippin,lang-en
snap,lang-en
hoja,lang-es
calabash,lang-en
pilsner,lang-cs
gray,lang-en
muscadine,lang-ms
eggnog,lang-en
minicube,lang-en
sunchoke,lang-bg
cup,lang-en
lop,lang-vi
chong,lang-vi
taiwanese,lang-en
myzithra,lang-el
franks,lang-lv
kashmiri,lang-en
karashi,lang-ja
castellane,lang-fr
scallopini,lang-en
dragee,lang-en
sack,lang-en
poire,lang-fr
prime,lang-en
trumpet,lang-en
yi,lang-zh-CN
bison,lang-en
comino,lang-es
cascabel,lang-es
komatsuna,lang-ja
usukuchi,lang-ja
teleme,lang-ro
chitterling,lang-en
drum,lang-en
filling,lang-en
ox,lang-en
beau,lang-fr
monde,lang-fr
fern,lang-en
salsify,lang-en
beater,lang-en
wagon,lang-en
marron,lang-fr
abalone,lang-en
perch,lang-en
caponata,lang-it
zero,lang-en
paratha,lang-ta
mac-and-cheese,lang-en
brisée,lang-fr
pte,lang-en
huitlacoche,lang-en
korma,lang-ru
genoise,lang-en
breast-of-lamb,lang-en
obrien,lang-ca
fowl,lang-en
garland,lang-en
hickory,lang-en
peppadew,lang-sv
herbsaint,lang-en
trotter,lang-en
cauliflowerets,lang-en
ts,lang-en
cauliflowere,lang-en
heeng,lang-gu
sangria,lang-pt
tallow,lang-en
dukkah,lang-fi
osetra,lang-en
razor,lang-en
niblet,lang-en
muesli,lang-en
ficelle,lang-fr
kirschwasser,lang-de
anasazi,lang-en
tropical,lang-en
godiva,lang-en
borage,lang-en
reposado,lang-es
viande,lang-fr
papalo,lang-tl
rockfish,lang-en
refined,lang-en
ortega,lang-es
tsuyu,lang-ja
oigatsuo,lang-ja
conch,lang-en
blackstrap,lang-en
saki,lang-ja
royal,lang-en
dice,lang-es
malted,lang-en
fondant,lang-fr
nonpareil,lang-en
tapatio,lang-en
arepa,lang-es
shortcake,lang-en
pignoli,lang-it
kokum,lang-tr
pompano,lang-en
yuzukosho,lang-ja
skinned,lang-en
terrine,lang-fr
eat,lang-en
pho,lang-vi
bhaji,lang-mr
frangipane,lang-fr
wingette,lang-en
aspic,lang-en
frog,lang-en
moss,lang-en
moroccan,lang-en
cabrale,lang-pt
thickener,lang-en
capocollo,lang-it
carambola,lang-es
pastina,lang-it
levain,lang-fr
jose,lang-en
cuervo,lang-es
quorn,lang-sv
yaki,lang-ja
jiffy,lang-en
flan,lang-fr
section,lang-en
knoblauch,lang-de
poussin,lang-fr
mora,lang-sl
pete,lang-en
fisher,lang-en
tuaca,lang-ro
mostarda,lang-pt
uni,lang-fr
robiola,lang-it
kipper,lang-de
hamachi,lang-tr
lavash,lang-en
moulard,lang-el
tricolor,lang-pt
vital,lang-en
cole,lang-en
ceylon,lang-en
knuckle,lang-en
colorado,lang-en
earth,lang-en
loose,lang-en
rooster,lang-en
breyer,lang-en
chilean,lang-en
roughy,lang-en
kasu,lang-et
dasheen,lang-en
tvp,lang-pl
rack,lang-en
piri,lang-tr
tuttorosso,lang-it
shishito,lang-ja
giant,lang-en
hoop,lang-nl
chuno,lang-hi
tostitos,lang-en
deviled,lang-en
pao,lang-bs
kung,lang-tl
truvía,lang-gl
breadfruit,lang-en
multigrain,lang-en
strained,lang-en
raclette,lang-fr
pummelo,lang-en
wheatberries,lang-en
padron,lang-tl
hing,lang-et
sweetbreads,lang-en
chai,lang-zh-CN
alum,lang-en
alphabet,lang-en
gomashio,lang-ja
tangelo,lang-en
grassfed,lang-en
nama,lang-id
barolo,lang-it
suckling,lang-en
passover,lang-en
legume,lang-ro
matsutake,lang-en
sherbet,lang-en
porter,lang-fr
lb,lang-en
reblochon,lang-fr
jimmy,lang-en
beurre,lang-fr
manié,lang-fr
tangzhong,lang-zh-CN
e,lang-it
boysenberries,lang-en
nberrie,lang-en
chuka,lang-ja
ginkgo,lang-en
needle,lang-en
elderflower,lang-en
liverwurst,lang-en
speck,lang-en
beluga,lang-en
langoustine,lang-en
mentaiko,lang-ja
cortland,lang-en
success,lang-en
linguisa,lang-it
sato,lang-en
carp,lang-en
crosswise,lang-en
holland,lang-en
moscato,lang-it
alfredostyle,lang-it
fen,lang-zh-CN
herbal,lang-id
chablis,lang-fr
cow,lang-en
laugh,lang-en
zabaglione,lang-en
sambhar,lang-bn
whiting,lang-en
bark,lang-en
membrillo,lang-es
liquorice,lang-en
arame,lang-pt
trim,lang-en
abbamele,lang-zu
sable,lang-fr
sablefish,lang-en
fiber,lang-en
lillet,lang-ca
xuxu,lang-vi
neapolitan,lang-en
germain,lang-fr
st,lang-en
pekoe,lang-en
sobrasada,lang-es
ti,lang-el
mantou,lang-ro
pekin,lang-ja
stolichnaya,lang-en
shiromiso,lang-ja
fiddlehead,lang-en
poi,lang-it
skippy,lang-en
hoi,lang-vi
mixer,lang-en
margherita,lang-it
gao,lang-zh-CN
nian,lang-zh-CN
milkfat,lang-en
qua,lang-vi
burro,lang-it
ocean,lang-en
submarine,lang-en
calabrese,lang-it
gravlax,lang-en
bream,lang-en
belacan,lang-ms
masur,lang-bn
dcurrant,lang-fr
redcurrant,lang-en
comice,lang-ro
pullman,lang-en
nonhydrogenat,lang-en
lambrusco,lang-it
barramundi,lang-en
longaniza,lang-es
dhaniya,lang-hi
frank,lang-en
breader,lang-en
tradicional,lang-es
asakusa,lang-en
estancia,lang-es
poundcake,lang-en
leg-of-veal,lang-en
pinhead,lang-en
oil-of-orange,lang-en
opo,lang-tl
conimex,lang-nl
wok,lang-en
olie,lang-nl
knoflook,lang-nl
gember,lang-nl
rape,lang-en
chilcostle,lang-en
blackcurrant,lang-en
preshr,lang-en
ikura,lang-ja
maifun,lang-zh-CN
dried,lang-en
barberry,lang-en
fume,lang-en
wolfberries,lang-en
cavender,lang-en
sheepshead,lang-en
vera,lang-is
grilling,lang-en
haloumi,lang-en
macaron,lang-fr
arrabbiata,lang-it
scone,lang-en
orchid,lang-en
tuscan,lang-en
martha,lang-en
pour,lang-fr
gel,lang-ku
ricard,lang-ca
filipino,lang-en
darjeel,lang-en
loofah,lang-en
angled,lang-en
tyson,lang-en
crabapples,lang-en
moose,lang-en
amontillado,lang-en
rusk,lang-en
petrale,lang-co
greekstyl,lang-en
kingfish,lang-en
graviera,lang-lv
fluff,lang-en
mojo,lang-en
bear,lang-en
falafel,lang-en
granita,lang-ro
bratwurst,lang-de
road,lang-en
chourico,lang-pt
energy,lang-en
portuguese,lang-en
prik,lang-nl
toulouse,lang-fr
goma,lang-es
phoran,lang-hi
ceci,lang-fr
proactiv,lang-ro
chilled,lang-en
jambon,lang-fr
bayonne,lang-fr
hierba,lang-es
kampyo,lang-ml
maca,lang-bs
evapor,lang-en
bicarbonate,lang-en
ammonium,lang-en
awase,lang-ja
saltpeter,lang-en
ascorbic,lang-en
patty,lang-en
picnic,lang-en
nigari,lang-sq
fillet-of-beef,lang-en
chikn,lang-hi
evans,lang-en
bob,lang-en
hip,lang-en
basa,lang-es
teff,lang-en
psyllium,lang-en
masago,lang-en
amberjack,lang-en
pain,lang-en
ploy,lang-en
mae,lang-cy
pane,lang-it
casa,lang-es
multi,lang-en
lap,lang-en
cheong,lang-en
atlantic,lang-en
mooli,lang-et
btarde,lang-pt
panetini,lang-mi
cara,lang-id
pangasius,lang-ro
less,lang-en
dragon,lang-en
oriental,lang-en
shiraz,lang-en
primavera,lang-it
cai,lang-vi
bai,lang-zh-CN
kroger,lang-en
morcilla,lang-es
buttercup,lang-en
imperial,lang-en
nashi,lang-ja
cream-of-tomato,lang-en
kamut,lang-it
chicharron,lang-es
blackpepper,lang-en
shin,lang-en
cornstarch,lang-en
bordelaise,lang-fr
sport,lang-en
maraschino,lang-en
pansy,lang-en
chocolatecovered,lang-en
alexia,lang-en
tipo,lang-es
lingcod,lang-en
pina,lang-ro
colada,lang-es
bock,lang-de
vadouvan,lang-el
longan,lang-eo
dinosaur,lang-en
ornamental,lang-en
branston,lang-en
chopmeat,lang-en
biga,lang-tr
cardoon,lang-en
torpedo,lang-en
granary,lang-en
arrow,lang-en
baobab,lang-fr
kappa,lang-en
artificial,lang-en
bénédictine,lang-fr
jowl,lang-en
magret,lang-fr
blacan,lang-en
topside,lang-en
glacés,lang-fr
farfalline,lang-it
stellette,lang-it
chiltepín,lang-en
crumpet,lang-en
souchong,lang-en
muscovy,lang-en
azteca,lang-es
century,lang-en
harusame,lang-ja
hop,lang-en
vindaloo,lang-en
absinthe,lang-en
dew,lang-en
chachere,lang-ht
tony,lang-en
galliano,lang-en
sloe,lang-en
hubbard,lang-en
tropic,lang-en
pointed,lang-en
wholesome,lang-en
romanesco,lang-it
spreadable,lang-en
burrito,lang-en
coxs,lang-en
jarred,lang-en
gravenstein,lang-en
laksa,lang-ms
big,lang-en
cappuccino,lang-en
camellia,lang-en
dulong,lang-tl
fruitcake,lang-en
hen-of-woods,lang-en
quahog,lang-en
brittle,lang-en
genmai,lang-ja
licor,lang-es
amba,lang-so
lox,lang-en
hyssop,lang-en
melissa,lang-en
culinary,lang-en
marble,lang-en
smart,lang-en
spumante,lang-it
asti,lang-fi
ngo,lang-vi
jamon,lang-es
lambic,lang-en
moonshine,lang-en
kochu,lang-ml
mezzetta,lang-it
cream-of-broccoli,lang-en
peapod,lang-en
victoria,lang-en
scape,lang-ro
riso,lang-it
dangmyun,lang-zh-CN
hake,lang-en
angus,lang-en
kiss,lang-en
branca,lang-pt
menta,lang-it
filé,lang-pt
heath,lang-en
gebhardt,lang-de
pareve,lang-sq
mashed,lang-en
val,lang-lt
assam,lang-en
lecithin,lang-en
mahlab,lang-zu
nondairy,lang-en
delicata,lang-it
sangiovese,lang-it
everglade,lang-en
piquin,lang-gl
fedelini,lang-it
beetroot,lang-en
castelvetrano,lang-it
breadcrumb,lang-en
dijonnaise,lang-fr
bigoli,lang-en
cucuzza,lang-it
verjuice,lang-en
unhulled,lang-en
velvet,lang-en
dole,lang-sk
seven,lang-en
nakano,lang-en
wiener,lang-de
tupelo,lang-en
kha,lang-vi
muscadet,lang-fr
tuong,lang-vi
crawford,lang-en
arak,lang-ms
tubettini,lang-it
amarena,lang-it
unsweeten,lang-en
true,lang-en
chioggia,lang-it
boquerone,lang-es
cordial,lang-en
conger,lang-en
straight,lang-en
spot,lang-en
piccolini,lang-it
hachiya,lang-vi
nido,lang-it
chua,lang-vi
mian,lang-zh-CN
brill,lang-en
samphire,lang-en
guanabana,lang-en
hijiki,lang-ja
ogura,lang-ja
chowchow,lang-en
hogue,lang-en
sardi,lang-it
gnocchetti,lang-it
miswa,lang-ny
beech,lang-en
neem,lang-nl
chateaubriand,lang-fr
german,lang-en
varieti,lang-ms
madeleine,lang-en
ratatouille,lang-en
george,lang-en
dickel,lang-de
madagascar,lang-en
raki,lang-mg
snip,lang-en
bermuda,lang-en
hakusai,lang-ja
orgeat,lang-en
honeycomb,lang-en
escalope,lang-fr
wensleydale,lang-en
crunch,lang-en
winesap,lang-en
friselle,lang-sv
aquavit,lang-en
jagermeister,lang-is
huckleberries,lang-en
eberrie,lang-en
l,lang-fr
huck,lang-pt
pike,lang-en
nettle,lang-en
bellpepper,lang-en
frankfurter,lang-de
manischewitz,lang-de
arctic,lang-en
aloe,lang-en
chartreuse,lang-fr
cumberland,lang-en
colman,lang-en
manouri,lang-el
ribeye,lang-en
riblet,lang-en
plus,lang-fr
conchiglie,lang-it
mark,lang-en
maker,lang-en
ketjap,lang-nl
daiya,lang-ja
cotto,lang-it
slim,lang-en
challenge,lang-en
family,lang-en
poupon,lang-fr
krachai,lang-jw
nu,lang-ro
bluefish,lang-en
rapini,lang-en
rouget,lang-fr
horse,lang-en
deluxe,lang-en
silk,lang-en
cupcake,lang-en
surimi,lang-fr
carbonate,lang-en
potassium,lang-en
hushpuppy,lang-en
olivada,lang-ca
caciotta,lang-en
doughnut,lang-en
szu,lang-hu
shad,lang-en
pinch,lang-en
perfect,lang-en
chex,lang-uz
angelica,lang-en
pastrami,lang-en
multipurpose,lang-en
malbec,lang-en
kataifi,lang-el
ridged,lang-en
popsicle,lang-en
dreamfield,lang-en
ataulfo,lang-pt
vienna,lang-en
squirrel,lang-en
yuba,lang-en
tabbouleh,lang-en
gammon,lang-en
phoron,lang-cy
butterhead,lang-en
chobani,lang-bg
yodel,lang-en
gumdrop,lang-en
blended,lang-en
grains-of-paradise,lang-en
chaurice,lang-hi
pasteurize,lang-en
del,lang-es
monte,lang-it
recaito,lang-pt
chamomile,lang-en
trang,lang-vi
dubliner,lang-en
alouette,lang-fr
obs,lang-pt
cornc,lang-la
corncobs,lang-en
gourmet,lang-en
bramley,lang-en
dogfish,lang-en
opal,lang-en
ronzoni,lang-en
anardana,lang-ha
pinipig,lang-tl
farfallini,lang-it
trenne,lang-de
streusel,lang-de
brain,lang-en
spiced,lang-en
ranchero,lang-es
nen,lang-de
dzem,lang-sk
cepe,lang-ro
cotechino,lang-it
sevruga,lang-en
tat,lang-mt
cholent,lang-bn
kettle,lang-en
cal,lang-ca
lovage,lang-en
fraise,lang-fr
