curry,indian
masala,indian
garam,indian
feta,eeurope
taco,spanish
chipotle,spanish
mirin,japanese
spaghetti,italian
reggiano,italian
kalamata,eeurope
parmigiano,italian
enchilada,spanish
cajun,samerica
creole,samerica
sake,japanese
basmati,indian
baguette,french
tomatillos,spanish
sriracha,vietnamese
arborio,italian
andouille,french
prosciutto,italian
miso,japanese
shaoxing,chinese
chorizo,samerica
linguine,italian
ancho,samerica
pecorino,italian
queso,spanish
choy,chinese
pinto,spanish
panko,japanese
couscous,indian
cannellini,italian
pimento,spanish
bok,chinese
wonton,chinese
tequila,spanish
provolone,italian
fettucine,italian
szechwan,chinese
gochujang,chinese
dillweed,african
muscovado,african
calimyrna,african
chilegarlic,african
curaçao,african
saba,african
gobo,african
abbamele,african
amba,african
mahlab,african
miswa,african
raki,african
anardana,african
ziti,chinese
gai,chinese
lan,chinese
hen,chinese
chenpi,chinese
shao,chinese
fuyu,chinese
ling,chinese
bushi,chinese
yu,chinese
doubanjiang,chinese
yi,chinese
chai,chinese
tangzhong,chinese
fen,chinese
gao,chinese
nian,chinese
maifun,chinese
bai,chinese
dangmyun,chinese
mian,chinese
nori,eeurope
soba,eeurope
mace,eeurope
mash,eeurope
urad,eeurope
tart,eeurope
rabe,eeurope
sauc,eeurope
hanout,eeurope
deli,eeurope
bulgur,eeurope
tzatziki,eeurope
min,eeurope
millet,eeurope
kewra,eeurope
raita,eeurope
wax,eeurope
edam,eeurope
jus,eeurope
beni,eeurope
tatsoi,eeurope
mizkan,eeurope
arhar,eeurope
durum,eeurope
negi,eeurope
tarama,eeurope
sunchoke,eeurope
myzithra,eeurope
franks,eeurope
kokum,eeurope
mora,eeurope
hamachi,eeurope
moulard,eeurope
piri,eeurope
pao,eeurope
ti,eeurope
gel,eeurope
graviera,eeurope
maca,eeurope
nigari,eeurope
vadouvan,eeurope
biga,eeurope
pareve,eeurope
val,eeurope
dole,eeurope
manouri,eeurope
szu,eeurope
chex,eeurope
kataifi,eeurope
chobani,eeurope
dzem,eeurope
tat,eeurope
crème,french
fraîche,french
herbes,french
provence,french
gruyère,french
filet,french
endive,french
haricot,french
vert,french
marnier,french
ton,french
cornichon,french
glace,french
grand,french
fleur,french
cointreau,french
niçoise,french
demi,french
pernod,french
calvados,french
brioche,french
chevre,french
confit,french
tapenade,french
consomme,french
armagnac,french
mignon,french
blanc,french
foie,french
gras,french
cuisine,french
roquefort,french
citron,french
chèvre,french
manioc,french
marmite,french
croissant,french
roux,french
mon,french
rosé,french
anjou,french
merguez,french
cassis,french
vin,french
noir,french
petite,french
chambord,french
anglaise,french
puy,french
piment,french
au,french
herbe,french
vie,french
eau,french
fromage,french
braise,french
neufchtel,french
rouille,french
compote,french
framboise,french
hollandaise,french
escargot,french
camembert,french
épice,french
quatre,french
cantal,french
beaujolais,french
lentille,french
du,french
duxelle,french
pistou,french
mousse,french
coulis,french
boudin,french
soi,french
boursin,french
pté,french
menthe,french
castellane,french
poire,french
beau,french
monde,french
marron,french
brisée,french
ficelle,french
viande,french
fondant,french
terrine,french
frangipane,french
levain,french
flan,french
poussin,french
uni,french
raclette,french
porter,french
reblochon,french
beurre,french
manié,french
chablis,french
sable,french
germain,french
dcurrant,french
macaron,french
pour,french
toulouse,french
ceci,french
jambon,french
bayonne,french
bordelaise,french
baobab,french
bénédictine,french
magret,french
glacés,french
dijonnaise,french
muscadet,french
chateaubriand,french
escalope,french
l,french
chartreuse,french
plus,french
poupon,french
rouget,french
surimi,french
alouette,french
fraise,french
paneer,indian
amchur,indian
gari,indian
naan,indian
chaat,indian
moong,indian
chana,indian
sultana,indian
kombu,indian
char,indian
toor,indian
ravva,indian
daal,indian
masoor,indian
pate,indian
dhal,indian
chapati,indian
soman,indian
rajma,indian
challa,indian
idli,indian
karo,indian
pappadam,indian
sooji,indian
bhindi,indian
papad,indian
chee,indian
sucanat,indian
kabuli,indian
paratha,indian
heeng,indian
bhaji,indian
chuno,indian
sambhar,indian
masur,indian
dhaniya,indian
phoran,indian
kampyo,indian
chikn,indian
kochu,indian
chaurice,indian
cholent,indian
masa,indonesian
mung,indonesian
jam,indonesian
sambal,indonesian
dri,indonesian
ulek,indonesian
calamansi,indonesian
sel,indonesian
lumpia,indonesian
bawang,indonesian
goreng,indonesian
manis,indonesian
kecap,indonesian
pandanus,indonesian
tempeh,indonesian
agar,indonesian
mo,indonesian
pancit,indonesian
thousand,indonesian
ampalaya,indonesian
soursop,indonesian
bihon,indonesian
culantro,indonesian
kangkong,indonesian
panang,indonesian
muscadine,indonesian
papalo,indonesian
kung,indonesian
padron,indonesian
nama,indonesian
herbal,indonesian
belacan,indonesian
opo,indonesian
cara,indonesian
laksa,indonesian
dulong,indonesian
arak,indonesian
varieti,indonesian
krachai,indonesian
pinipig,indonesian
mozzarella,italian
pancetta,italian
polenta,italian
mascarpone,italian
fontina,italian
verde,italian
dal,italian
orzo,italian
espresso,italian
marsala,italian
porcini,italian
crema,italian
rigatoni,italian
gallo,italian
asiago,italian
gorgonzola,italian
radicchio,italian
crimini,italian
cane,italian
fettuccine,italian
gnocchi,italian
fusilli,italian
orecchiette,italian
fava,italian
rotelle,italian
manicotti,italian
ditalini,italian
tasso,italian
passata,italian
pappardelle,italian
risotto,italian
farro,italian
guanciale,italian
tagliatelle,italian
lasagne,italian
non,italian
rigate,italian
amaretti,italian
bucatini,italian
grenadine,italian
gemelli,italian
soppressata,italian
bocconcini,italian
parmagiano,italian
prosecco,italian
focaccia,italian
peperoncini,italian
grappa,italian
fresca,italian
posole,italian
cavatappi,italian
cacao,italian
nutella,italian
callaloo,italian
chianti,italian
campari,italian
mortadella,italian
padano,italian
prego,italian
classico,italian
crostini,italian
burrata,italian
filo,italian
tubetti,italian
branzino,italian
capicola,italian
gaeta,italian
bianco,italian
balsamico,italian
panettone,italian
borlotti,italian
dolce,italian
limoncello,italian
seitan,italian
peperoncino,italian
marzano,italian
di,italian
biscotti,italian
fregola,italian
gelato,italian
cannelloni,italian
nero,italian
cavolo,italian
sambuca,italian
bologna,italian
parma,italian
cannoli,italian
farina,italian
parmigiana,italian
grissini,italian
savoiardi,italian
taleggio,italian
linguica,italian
cava,italian
cipollini,italian
acini,italian
pepe,italian
fino,italian
grigio,italian
strozzapreti,italian
caciocavallo,italian
treviso,italian
mostaccioli,italian
carpaccio,italian
mie,italian
rosa,italian
tagliarini,italian
robusto,italian
bresaola,italian
paccheri,italian
caponata,italian
pignoli,italian
capocollo,italian
pastina,italian
robiola,italian
tuttorosso,italian
barolo,italian
e,italian
linguisa,italian
moscato,italian
alfredostyle,italian
poi,italian
margherita,italian
burro,italian
calabrese,italian
lambrusco,italian
arrabbiata,italian
pane,italian
primavera,italian
kamut,italian
farfalline,italian
stellette,italian
romanesco,italian
spumante,italian
mezzetta,italian
riso,italian
menta,italian
delicata,italian
sangiovese,italian
fedelini,italian
castelvetrano,italian
cucuzza,italian
tubettini,italian
amarena,italian
chioggia,italian
piccolini,italian
nido,italian
sardi,italian
gnocchetti,italian
conchiglie,italian
cotto,italian
monte,italian
farfallini,italian
cotechino,italian
dashi,japanese
daikon,japanese
tamari,japanese
edamame,japanese
konbu,japanese
enokitake,japanese
gyoza,japanese
togarashi,japanese
gochugaru,japanese
shiso,japanese
shoyu,japanese
ponzu,japanese
shichimi,japanese
wakame,japanese
shirataki,japanese
tonkatsu,japanese
shiro,japanese
yakisoba,japanese
kabocha,japanese
yuzu,japanese
furikake,japanese
mochiko,japanese
kochujang,japanese
umeboshi,japanese
shoga,japanese
shimeji,japanese
sansho,japanese
san,japanese
konnyaku,japanese
asada,japanese
hatcho,japanese
kamaboko,japanese
katsuo,japanese
abura,japanese
mochi,japanese
unagi,japanese
kinchay,japanese
shungiku,japanese
natto,japanese
mentsuyu,japanese
mizuna,japanese
aonori,japanese
katakuriko,japanese
karashi,japanese
komatsuna,japanese
usukuchi,japanese
tsuyu,japanese
oigatsuo,japanese
saki,japanese
yuzukosho,japanese
yaki,japanese
shishito,japanese
gomashio,japanese
chuka,japanese
mentaiko,japanese
pekin,japanese
shiromiso,japanese
ikura,japanese
awase,japanese
nashi,japanese
harusame,japanese
genmai,japanese
hijiki,japanese
ogura,japanese
hakusai,japanese
daiya,japanese
husk,neurope
tortellini,neurope
hamburger,neurope
ramen,neurope
cookie,neurope
mein,neurope
ciabatta,neurope
hass,neurope
sparerib,neurope
dumpl,neurope
amaretto,neurope
gouda,neurope
sauerkraut,neurope
lager,neurope
ale,neurope
halve,neurope
stilton,neurope
mex,neurope
lite,neurope
kahlúa,neurope
pak,neurope
mirliton,neurope
bud,neurope
turkei,neurope
nilla,neurope
aioli,neurope
tater,neurope
tot,neurope
lacinato,neurope
fideo,neurope
marzipan,neurope
kikkoman,neurope
despelette,neurope
crispy,neurope
flanken,neurope
pumpernickel,neurope
chiffonade,neurope
lardon,neurope
pierogi,neurope
gremolata,neurope
jarlsberg,neurope
rosemari,neurope
mam,neurope
olek,neurope
knockwurst,neurope
remoulade,neurope
syd,neurope
alfalfa,neurope
pickapeppa,neurope
brussel,neurope
kohlrabi,neurope
tikka,neurope
fri,neurope
halloumi,neurope
turbot,neurope
fatfre,neurope
kirschenliqueur,neurope
keema,neurope
rennet,neurope
krispie,neurope
pilsner,neurope
peppadew,neurope
dukkah,neurope
kirschwasser,neurope
quorn,neurope
knoblauch,neurope
kipper,neurope
kasu,neurope
tvp,neurope
hoop,neurope
hing,neurope
conimex,neurope
olie,neurope
knoflook,neurope
gember,neurope
vera,neurope
bratwurst,neurope
prik,neurope
mae,neurope
mooli,neurope
bock,neurope
longan,neurope
asti,neurope
gebhardt,neurope
wiener,neurope
neem,neurope
dickel,neurope
friselle,neurope
jagermeister,neurope
frankfurter,neurope
manischewitz,neurope
ketjap,neurope
phoron,neurope
trenne,neurope
streusel,neurope
nen,neurope
bun,russian
cod,russian
rub,russian
prepar,russian
marin,russian
vine,russian
salata,russian
nectarine,russian
pot,russian
matcha,russian
tri,russian
carnita,russian
goji,russian
brat,russian
shoepeg,russian
pilaf,russian
cuminse,russian
kasha,russian
scrod,russian
roti,russian
teleme,russian
korma,russian
tuaca,russian
legume,russian
mantou,russian
comice,russian
granita,russian
proactiv,russian
pangasius,russian
pina,russian
scape,russian
nu,russian
cepe,russian
tapioca,samerica
bonito,samerica
turbinado,samerica
madeira,samerica
creme,samerica
açai,samerica
maggi,samerica
canela,samerica
mahi,samerica
poha,samerica
mulato,samerica
progresso,samerica
minicub,samerica
grana,samerica
pimenton,samerica
santo,samerica
mazola,samerica
pandan,samerica
coar,samerica
panela,samerica
seca,samerica
farofa,samerica
pois,samerica
oleo,samerica
sangria,samerica
cabrale,samerica
mostarda,samerica
tricolor,samerica
arame,samerica
chourico,samerica
btarde,samerica
panetini,samerica
chachere,samerica
branca,samerica
filé,samerica
huck,samerica
ataulfo,samerica
recaito,samerica
obs,samerica
pita,seurope
blanch,seurope
cap,seurope
bosc,seurope
stevia,seurope
pla,seurope
patis,seurope
perciatelli,seurope
dende,seurope
doenzang,seurope
ume,seurope
paella,seurope
tradit,seurope
elmlea,seurope
verjus,seurope
obrien,seurope
truvía,seurope
lillet,seurope
ricard,seurope
petrale,seurope
piquin,seurope
olivada,seurope
cornc,seurope
cal,seurope
jalapeno,spanish
salsa,spanish
fresco,spanish
garbanzo,spanish
harina,spanish
guajillo,spanish
pico,spanish
alfredo,spanish
lima,spanish
habanero,spanish
picante,spanish
manchego,spanish
arbol,spanish
el,spanish
pasilla,spanish
lo,spanish
pepita,spanish
tostada,spanish
cola,spanish
nopale,spanish
mexicana,spanish
piloncillo,spanish
tostadas,spanish
perilla,spanish
gran,spanish
blanco,spanish
quince,spanish
angostura,spanish
chihuahua,spanish
carne,spanish
frito,spanish
empanada,spanish
ahi,spanish
margarita,spanish
fiesta,spanish
dulce,spanish
leche,spanish
manzanilla,spanish
nacho,spanish
bechamel,spanish
goya,spanish
anejo,spanish
rioja,spanish
verbena,spanish
sofrito,spanish
negro,spanish
pomelo,spanish
mezcal,spanish
merluza,spanish
casera,spanish
mi,spanish
cholula,spanish
con,spanish
cajeta,spanish
yuca,spanish
calabaza,spanish
besan,spanish
bolillo,spanish
valencia,spanish
la,spanish
ibarra,spanish
piquillo,spanish
disco,spanish
hoja,spanish
comino,spanish
cascabel,spanish
reposado,spanish
ortega,spanish
dice,spanish
arepa,spanish
carambola,spanish
cuervo,spanish
membrillo,spanish
sobrasada,spanish
longaniza,spanish
tradicional,spanish
estancia,spanish
goma,spanish
hierba,spanish
basa,spanish
casa,spanish
morcilla,spanish
chicharron,spanish
tipo,spanish
colada,spanish
azteca,spanish
licor,spanish
jamon,spanish
boquerone,spanish
del,spanish
ranchero,spanish
methi,vietnamese
pepperoncini,vietnamese
limeade,vietnamese
nuoc,vietnamese
nam,vietnamese
choi,vietnamese
chia,vietnamese
siu,vietnamese
cham,vietnamese
khoa,vietnamese
hanh,vietnamese
saigon,vietnamese
kim,vietnamese
kefir,vietnamese
banh,vietnamese
cho,vietnamese
lop,vietnamese
chong,vietnamese
pho,vietnamese
xuxu,vietnamese
hoi,vietnamese
qua,vietnamese
cai,vietnamese
ngo,vietnamese
kha,vietnamese
tuong,vietnamese
hachiya,vietnamese
chua,vietnamese
trang,vietnamese
