st,rare_short_word
an,rare_short_word
mi,rare_short_word
yi,rare_short_word
ox,rare_short_word
ti,rare_short_word
du,rare_short_word
do,rare_short_word
to,rare_short_word
nu,rare_short_word
lb,rare_short_word
la,rare_short_word
yu,rare_short_word
up,rare_short_word
uni,lang-en
gao,lang-zh
cai,lang-vi
tat,lang-en
hoi,lang-vi
hip,lang-en
lap,lang-en
gem,lang-en
tvp,lang-pl
con,lang-es
cup,lang-en
pté,lang-fr
cho,lang-vi
jif,lang-en
any,lang-en
pad,lang-en
eel,lang-en
boy,lang-en
val,lang-en
fri,lang-en
cow,lang-en
gel,lang-en
lox,lang-en
soi,rare_unknown
bob,lang-en
lop,lang-en
szu,lang-hu
mex,lang-en
guy,lang-en
poi,lang-it
cal,lang-en
pop,lang-en
day,lang-en
nib,lang-en
pte,lang-en
fen,lang-zh
fed,lang-en
ume,lang-en
cox,lang-en
ngo,lang-en
pao,lang-bs
plu,lang-eo
tap,lang-en
opo,rare_unknown
kha,lang-vi
syd,lang-en
pho,lang-en
wok,lang-en
kim,lang-en
bai,lang-zh
mae,lang-cy
del,lang-es
aka,lang-en
mos,lang-en
bee,lang-en
pit,lang-en
dew,lang-en
hop,lang-en
tex,lang-en
mie,rare_unknown
age,lang-en
nen,rare_unknown
one,lang-en
qua,lang-vi
rusk,lang-en
jose,lang-en
carp,lang-en
claw,lang-en
than,lang-en
alum,lang-en
slim,lang-en
chua,lang-en
fino,lang-it
oleo,lang-pt
vera,lang-en
oliv,lang-en
spot,lang-en
drum,lang-en
dzem,lang-sk
silk,lang-en
gray,lang-en
sato,lang-en
chex,lang-en
rack,lang-en
maca,rare_unknown
aloe,lang-en
rosa,lang-en
brew,lang-en
ounc,lang-en
yaki,lang-ja
cava,lang-en
nido,lang-it
pete,lang-en
cone,lang-en
maui,lang-en
hing,lang-en
kong,lang-en
hong,lang-en
pepe,lang-en
saba,lang-sw
pina,lang-en
cole,lang-en
mojo,lang-en
pike,lang-en
zero,lang-en
yuca,lang-es
hake,lang-en
banh,lang-vi
ceci,lang-fr
opal,lang-en
shin,lang-en
mian,lang-zh
kasu,rare_unknown
mary,lang-en
tube,lang-en
fowl,lang-en
cros,lang-en
bock,lang-en
nian,lang-zh
fume,lang-en
hero,lang-en
bear,lang-en
basa,rare_unknown
flan,lang-en
asti,lang-fi
nama,rare_unknown
goma,rare_unknown
bing,lang-en
piri,rare_unknown
filé,lang-pt
sack,lang-en
made,lang-en
olie,lang-nl
snap,lang-en
riso,lang-it
prik,lang-nl
tree,lang-en
road,lang-en
farm,lang-en
cara,lang-id
sloe,lang-en
haba,lang-tl
yuba,lang-en
hoja,lang-es
cres,lang-en
fern,lang-en
nest,lang-en
frog,lang-en
neem,lang-nl
ploy,lang-en
seca,rare_unknown
beau,lang-en
true,lang-en
fast,lang-en
wolf,lang-en
gobo,lang-en
pane,lang-en
kung,lang-en
mark,lang-en
shad,lang-en
high,lang-en
pain,lang-en
penn,lang-en
nero,lang-en
snip,lang-en
raki,rare_unknown
biga,rare_unknown
casa,rare_unknown
saki,lang-ja
roti,rare_unknown
amba,lang-en
caul,lang-en
mora,rare_unknown
evan,lang-en
dole,lang-en
xuxu,lang-vi
chai,rare_unknown
cepe,lang-ro
pale,lang-en
negi,lang-lt
karo,rare_unknown
rape,lang-en
knox,lang-en
bowl,lang-en
jowl,lang-en
angu,lang-ta
arak,rare_unknown
tipo,rare_unknown
bark,lang-en
hoop,lang-en
teff,lang-en
tony,lang-en
whey,lang-en
torn,lang-en
helix,lang-en
keema,lang-et
scape,lang-en
arepa,lang-en
ogura,lang-ja
cotto,lang-en
chuka,lang-ja
korma,lang-ru
tsuyu,lang-ja
laksa,lang-ms
shred,lang-en
hogue,lang-en
razor,lang-en
trang,lang-vi
cloud,lang-en
tuaca,rare_unknown
bison,lang-en
bagel,lang-en
jerky,lang-en
couli,lang-zh
speck,lang-en
quorn,lang-en
negro,lang-en
miswa,lang-ny
yucca,lang-en
bihon,lang-tl
shape,lang-en
fluff,lang-en
mooli,rare_unknown
aspic,lang-en
beech,lang-en
earth,lang-en
tonic,lang-en
third,lang-en
natto,lang-ja
kisse,lang-sv
royal,lang-en
jamon,lang-en
disco,lang-en
abura,lang-ja
sheep,lang-en
masur,lang-en
prime,lang-en
awase,lang-ja
swede,lang-en
menta,rare_unknown
durum,lang-tr
giant,lang-en
asada,rare_unknown
poire,lang-fr
seven,lang-en
daiya,lang-ja
licor,lang-es
wagon,lang-en
house,lang-en
pinch,lang-en
melba,lang-en
kokum,lang-tr
betty,lang-en
tokyo,lang-en
verju,lang-sl
kasha,rare_unknown
acini,lang-en
sardi,lang-it
scrod,lang-ro
arhar,lang-sl
kefir,lang-vi
assam,lang-en
squab,lang-en
burro,lang-it
kappa,lang-en
smart,lang-en
bhaji,lang-mr
sooji,lang-kn
paddy,lang-en
unagi,lang-ja
monde,lang-fr
vital,lang-en
conch,lang-en
chikn,lang-hi
papad,lang-hi
mochi,lang-ja
maker,lang-en
monte,lang-en
heath,lang-en
ocean,lang-en
jiffy,lang-en
globe,lang-en
promi,lang-lb
parma,lang-en
chong,lang-vi
amber,lang-en
yodel,lang-en
capon,lang-en
kochu,lang-ml
tikka,lang-en
pekoe,lang-en
multi,lang-en
tyson,lang-en
devil,lang-en
blade,lang-en
kamut,lang-en
fiber,lang-en
horse,lang-en
pekin,lang-en
ikura,lang-ja
tuong,lang-vi
heeng,lang-gu
arame,lang-pt
paella,lang-en
ketjap,lang-nl
legume,lang-en
fraise,lang-fr
thinli,lang-en
wiener,lang-en
picnic,lang-en
mezcal,lang-en
marble,lang-en
island,lang-en
eating,lang-en
shiraz,lang-en
fatfre,rare_unknown
laurel,lang-en
succes,rare_unknown
cheong,lang-en
dulong,lang-tl
colman,lang-en
rustic,lang-en
beurre,lang-fr
phoron,lang-cy
rennet,lang-en
lavash,lang-en
maifun,rare_unknown
mizkan,rare_unknown
longan,lang-en
robert,lang-en
vienna,lang-en
lambic,lang-en
godiva,lang-en
ortega,lang-en
kettle,lang-en
ceylon,lang-en
casera,lang-es
tatsoi,rare_unknown
menthe,lang-fr
quahog,lang-en
mexico,lang-en
tuscan,lang-en
elmlea,rare_unknown
tropic,lang-en
osetra,lang-en
mizuna,lang-ja
nestle,lang-en
dragee,lang-en
kipper,lang-en
freeze,lang-en
lesser,lang-en
eggnog,lang-en
paddle,lang-en
truvía,rare_unknown
genmai,lang-ja
bhindi,lang-hi
cajeta,lang-es
crunch,lang-en
deluxe,lang-en
morton,lang-en
poupon,lang-fr
peapod,lang-en
papalo,lang-tl
pareve,lang-sq
zaatar,lang-en
gember,lang-nl
slider,lang-en
nugget,lang-en
grigio,lang-it
lovage,lang-en
sundae,lang-en
branca,lang-pt
boudin,lang-en
pippin,lang-en
alexia,lang-en
viande,lang-fr
tendon,lang-en
masago,lang-en
hierba,lang-es
turbot,lang-en
pollen,lang-en
ginkgo,lang-en
rouget,lang-fr
gelato,lang-en
curing,lang-en
jimmie,lang-en
beluga,lang-en
muscat,lang-en
rapini,lang-en
pistou,lang-fr
comice,lang-ro
puffed,lang-en
nakano,lang-en
azteca,lang-en
london,lang-en
breyer,lang-en
malbec,lang-en
bloody,lang-en
mousse,lang-en
cavolo,lang-it
evapor,lang-en
violet,lang-en
aonori,lang-ja
blacan,lang-en
quatre,lang-fr
porter,lang-en
george,lang-en
borage,lang-en
piquin,lang-gl
muesli,lang-en
btarde,rare_unknown
farofa,lang-pt
popped,lang-en
jujube,lang-en
trenne,lang-de
tallow,lang-en
katsuo,lang-ja
kabuli,lang-mr
mantou,lang-ro
conger,lang-en
jarred,lang-en
magret,lang-fr
pansie,lang-en
herbal,lang-en
surimi,lang-en
velvet,lang-en
hijiki,lang-ja
roughy,lang-en
ridged,lang-en
pomelo,lang-en
jambon,lang-fr
dickel,lang-de
tupelo,lang-en
gammon,lang-en
tarama,lang-tr
fisher,lang-en
angled,lang-en
tradit,lang-en
energy,lang-en
bigoli,lang-en
martha,lang-en
kroger,lang-en
ibarra,lang-en
hyssop,lang-en
proces,rare_unknown
poured,lang-en
tobiko,lang-en
pancit,lang-tl
kampyo,lang-ml
chabli,lang-ar
cantal,lang-en
obrien,lang-ca
ricard,lang-en
swerve,lang-en
teleme,rare_unknown
farina,lang-en
levain,lang-fr
german,lang-en
nigari,lang-en
padron,lang-en
needle,lang-en
pattie,lang-en
dukkah,rare_unknown
smooth,lang-en
orgeat,lang-en
barolo,lang-it
skippy,lang-en
colada,lang-en
phoran,lang-hi
guinea,lang-en
spiral,lang-en
octopu,lang-en
panang,lang-en
arctic,lang-en
orchid,lang-en
cuervo,lang-en
mahlab,lang-zu
dragon,lang-en
baobab,lang-en
nettle,lang-en
unsalt,lang-en
brazil,lang-en
loofah,lang-en
brisée,lang-fr
william,lang-en
pompano,lang-en
bolillo,lang-es
canning,lang-en
pretzel,lang-en
salsify,lang-en
sevruga,lang-en
hachiya,rare_unknown
falafel,lang-en
haloumi,lang-en
germain,lang-en
gravlax,lang-en
moscato,lang-en
dhaniya,lang-hi
bramley,lang-en
trotter,lang-en
chobani,lang-bg
granary,lang-en
olivada,lang-ca
m_and_m,lang-en
manouri,rare_unknown
braised,lang-en
kitchen,lang-en
refined,lang-en
hickory,lang-en
tostito,rare_unknown
bacardi,lang-en
gourmet,lang-en
kasseri,lang-en
treviso,lang-en
trimmed,lang-en
hamachi,lang-en
chilled,lang-en
hubbard,lang-en
gumdrop,lang-en
moulard,lang-el
alaskan,lang-en
paratha,lang-en
merluza,lang-es
skinned,lang-en
abalone,lang-en
bologna,lang-en
sangria,lang-en
alcohol,lang-en
muscovy,lang-en
protein,lang-en
melissa,lang-en
calcium,lang-en
redfish,lang-en
eggland,lang-no
hershey,lang-en
iodized,lang-en
boursin,lang-fr
chilean,lang-en
topside,lang-en
poussin,lang-en
tapatio,lang-en
asakusa,lang-en
dasheen,lang-en
cannoli,lang-en
curaçao,lang-en
deviled,lang-en
robiola,lang-it
pollock,lang-en
ficelle,lang-fr
tempura,lang-en
pinipig,lang-tl
section,lang-en
maitake,lang-en
cabrale,rare_unknown
genoise,lang-en
pummelo,lang-en
whiting,lang-en
torpedo,lang-en
pointed,lang-en
bermuda,lang-en
corncob,lang-en
bayonne,lang-en
drained,lang-en
diamond,lang-en
krispie,lang-sv
knuckle,lang-en
krachai,lang-en
cupcake,lang-en
ganache,lang-en
varieti,lang-ms
mixture,lang-en
eggroll,lang-en
sherbet,lang-en
soursop,lang-en
blended,lang-en
holland,lang-en
starter,lang-en
burdock,lang-en
vitamin,lang-en
rainbow,lang-en
breader,lang-en
alfalfa,rare_unknown
seamles,lang-en
chicory,lang-en
robusto,rare_unknown
recaito,rare_unknown
seville,lang-en
perfect,lang-en
balance,lang-en
special,lang-en
duxelle,lang-fr
crumpet,lang-en
mineral,lang-en
glucose,lang-en
cordial,lang-en
artisan,lang-en
lapsang,lang-en
pearled,lang-en
clamato,lang-en
oloroso,lang-en
marcona,lang-en
sashimi,lang-en
petrale,lang-co
sticker,lang-en
hakusai,lang-ja
kinchay,lang-ja
breaded,lang-en
ginseng,lang-en
aquavit,lang-en
granita,rare_unknown
burrito,lang-en
amarena,lang-en
pignoli,lang-it
pastina,lang-en
tartlet,lang-en
v_eight,lang-en
terrine,lang-en
tangelo,lang-en
milkfat,lang-en
belacan,lang-ms
cucuzza,lang-it
fondant,lang-en
sambhar,lang-bn
rooster,lang-en
pullman,lang-en
grained,lang-en
pilsner,lang-en
dogfish,lang-en
garland,lang-en
kataifi,rare_unknown
sofrito,lang-es
lingcod,lang-en
fregola,lang-it
sambuca,lang-en
anasazi,lang-en
brittle,lang-en
pinhead,lang-en
cholent,rare_unknown
ataulfo,lang-pt
mondavi,lang-en
jameson,lang-en
conimex,lang-nl
sockeye,lang-en
trumpet,lang-en
cholula,lang-es
century,lang-en
soaking,lang-en
ronzoni,lang-en
herring,lang-en
sucanat,lang-hi
cardoon,lang-en
winesap,rare_unknown
karashi,lang-ja
peppadew,lang-sv
thousand,lang-tl
tricolor,lang-en
ascorbic,lang-en
enriched,lang-en
kamaboko,lang-ja
reposado,lang-en
spumante,lang-it
kingfish,lang-en
leftover,lang-en
victoria,lang-en
oriental,lang-en
chaurice,lang-hi
knoflook,lang-nl
oigatsuo,rare_unknown
fedelini,lang-it
granular,lang-en
drambuie,lang-en
chachere,lang-ht
suckling,lang-en
caponata,lang-en
anisette,lang-en
triscuit,lang-la
souchong,lang-en
kangkong,lang-jw
abbamele,rare_unknown
floweret,lang-en
lecithin,lang-en
grissini,lang-en
camellia,lang-en
textured,lang-en
chowchow,lang-en
squirrel,lang-en
samphire,lang-en
mesquite,lang-en
doughnut,lang-en
colorado,lang-en
moroccan,lang-en
muscadet,lang-en
alphabet,lang-en
dinosaur,lang-en
escargot,lang-en
laughing,lang-en
crawford,lang-en
superior,lang-en
straight,lang-en
strained,lang-en
valencia,lang-en
myzithra,lang-el
wingette,lang-en
imperial,lang-en
passover,lang-en
friselle,rare_unknown
poppadom,lang-en
vindaloo,lang-en
unsmoked,lang-en
mentsuyu,lang-ja
fructose,lang-en
estancia,lang-es
cortland,lang-en
kohlrabi,lang-en
pattypan,lang-en
ampalaya,lang-tl
vadouvan,rare_unknown
usukuchi,lang-ja
culinary,lang-en
filipino,lang-en
angelica,lang-en
bluefish,lang-en
mezzetta,lang-it
panetini,rare_unknown
chourico,lang-pt
paccheri,lang-it
sunchoke,lang-bg
homestyl,lang-en
morcilla,lang-es
gebhardt,lang-en
calabaza,lang-es
psyllium,lang-en
milkfish,lang-en
cultured,lang-en
nopalito,lang-en
grassfed,lang-en
dangmyun,lang-zh
chopmeat,lang-en
mentaiko,lang-ja
piquillo,lang-es
linguisa,rare_unknown
peppered,lang-en
teardrop,lang-en
shishito,lang-ja
mountain,lang-en
alouette,lang-en
luncheon,lang-en
bresaola,lang-it
pangasiu,rare_unknown
montreal,lang-en
mcintosh,lang-en
halloumi,lang-en
kippered,lang-nl
raclette,lang-en
streusel,lang-en
taleggio,lang-it
verjuice,lang-en
mostarda,lang-pt
tropical,lang-en
branston,lang-en
ranchero,lang-en
shungiku,lang-ja
zatarain,lang-sk
proactiv,lang-en
escalope,lang-en
calabash,lang-en
cascabel,lang-en
dubliner,lang-en
toulouse,lang-en
rockfish,lang-en
nondairy,lang-en
galliano,lang-en
pastrami,lang-en
licorice,lang-en
gomashio,lang-ja
beetroot,lang-en
porridge,lang-en
amaranth,lang-en
beverage,lang-en
absinthe,lang-en
anardana,rare_unknown
linguica,rare_unknown
delicata,lang-it
hawaiian,lang-en
atlantic,lang-en
unhulled,lang-en
popsicle,lang-en
harusame,lang-ja
konnyaku,lang-ja
grilling,lang-en
kashmiri,lang-en
pappadam,lang-ml
virginia,lang-en
sturgeon,lang-en
caciotta,lang-en
graviera,lang-lv
duckling,lang-en
lentille,lang-fr
chioggia,lang-it
preshred,lang-en
ammonium,lang-en
carpaccio,lang-en
ajinomoto,lang-en
southwest,lang-en
blackened,lang-en
saltpeter,lang-en
capocollo,lang-it
sobrasada,lang-en
nonpareil,lang-en
calabrese,lang-en
everglade,lang-en
liquorice,lang-en
moonshine,lang-en
candlenut,lang-en
kerrygold,lang-en
guanabana,lang-en
sablefish,lang-en
cuminseed,lang-en
bratwurst,lang-de
digestive,lang-en
shellfish,lang-en
knoblauch,lang-en
crosswise,lang-en
amberjack,lang-en
shortcake,lang-en
matsutake,lang-en
piccolini,lang-it
carnation,lang-en
hushpuppy,lang-en
membrillo,lang-es
boquerone,lang-es
submarine,lang-en
wholesome,lang-en
carambola,lang-en
yuzukosho,lang-ja
budweiser,lang-en
remoulade,lang-en
buttercup,lang-en
romanesco,lang-en
cipollini,lang-en
crabapple,lang-en
sucrolose,rare_unknown
sucralose,lang-en
blueberry,lang-en
chiltepín,lang-en
stellette,lang-it
challenge,lang-en
muscadine,lang-en
taiwanese,lang-en
kiwifruit,lang-en
savoiardi,lang-it
longaniza,lang-es
tangzhong,lang-zh
flageolet,lang-en
honeycomb,lang-en
poppyseed,lang-en
tabbouleh,lang-en
poundcake,lang-en
precooked,lang-en
lambrusco,lang-en
fruitcake,lang-en
unsweeten,lang-en
madeleine,lang-en
yellowfin,lang-en
potassium,lang-en
greekstyl,lang-en
medallion,lang-en
cotechino,lang-it
tubettini,lang-it
barberrie,lang-en
shiromiso,lang-ja
chamomile,lang-en
camembert,rare_unknown
primavera,rare_unknown
rosewater,lang-en
corkscrew,lang-en
herbsaint,lang-en
thickener,lang-en
hillshire,lang-en
komatsuna,lang-ja
beaujolai,lang-fr
reblochon,lang-en
castellane,lang-en
cumberland,lang-en
wildflower,lang-en
yellowtail,lang-en
spreadable,lang-en
madagascar,lang-en
unseasoned,lang-en
arrabbiata,lang-it
bordelaise,lang-fr
breakstone,lang-en
maraschino,lang-en
farfallini,lang-it
frangipane,lang-en
breadfruit,lang-en
blackstrap,lang-en
neapolitan,lang-en
dijonnaise,lang-fr
ornamental,lang-en
blackening,lang-en
chilcostle,lang-en
scallopini,lang-en
fiddlehead,lang-en
multigrain,lang-en
gnocchetti,lang-it
cannelloni,lang-en
sweetbread,lang-en
compressed,lang-en
microgreen,lang-en
almondmilk,lang-en
liverwurst,lang-en
chicharron,lang-es
bellpepper,lang-en
wolfberrie,lang-en
potsticker,lang-en
butterhead,lang-en
artificial,lang-en
katakuriko,lang-ja
sangiovese,lang-en
chartreuse,lang-en
darjeeling,lang-en
smithfield,lang-en
sheepshead,lang-en
conchiglie,lang-it
cuttlefish,lang-en
cornstarch,lang-en
knockwurst,lang-de
pickapeppa,lang-sv
dreamfield,rare_unknown
sichuanese,lang-en
portuguese,lang-en
tuttorosso,lang-it
cappuccino,lang-en
barramundi,lang-en
zabaglione,lang-en
margherita,lang-en
farfalline,lang-it
parmigiana,lang-en
erythritol,lang-en
taglierini,lang-it
tagliarini,lang-it
redcurrant,lang-en
bicarbonate,lang-en
chitterling,lang-en
mostaccioli,lang-it
blackpepper,lang-en
langoustine,lang-en
butterflied,lang-en
elderflower,lang-en
doubanjiang,lang-zh
leg_of_veal,lang-en
gravenstein,lang-en
bénédictine,lang-fr
hollandaise,lang-en
huitlacoche,lang-en
ratatouille,lang-en
amontillado,lang-en
wheatberrie,lang-en
stolichnaya,lang-en
unsulphured,lang-en
tradicional,rare_unknown
cherrystone,lang-en
pasteurized,lang-en
chimichurri,lang-en
wensleydale,lang-en
hen_of_wood,lang-en
frankfurter,lang-en
blackcurrant,lang-en
kirschwasser,lang-de
jonshonville,rare_unknown
alfredostyle,rare_unknown
caciocavallo,lang-it
huckleberrie,lang-en
jagermeister,lang-en
manischewitz,lang-de
multipurpose,lang-en
boysenberrie,lang-en
strozzapreti,lang-it
accompaniment,lang-en
castelvetrano,lang-en
chateaubriand,lang-en
oil_of_orange,lang-en
caulifloweret,lang-en
breast_of_lamb,lang-en
mac_and_cheese,lang-en
fillet_of_beef,lang-en
nonhydrogenated,lang-en
kirschenliqueur,lang-de
cream_of_shrimp,lang-en
cream_of_tomato,lang-en
chocolatecovered,rare_unknown
cream_of_broccoli,lang-en
grains_of_paradise,lang-en
